on_date,account_rk,credit_amount,credit_amount_rub,debet_amount,debet_amount_rub
2018-01-09,1972647.0,0.0,0.0,891615.51,891615.51
2018-01-09,298332839.0,0.0,0.0,81251.22,5595511.517496
2018-01-09,34157174.0,444884.85,444884.85,71294.42,71294.42
2018-01-09,13631.0,909738.98,52401147.195796,1248433.78,71910035.414756
2018-01-09,17434.0,428943.19,428943.19,1106450.44,1106450.44
2018-01-09,13632.0,3262575.86,224683159.235448,2262297.1,155797161.92628
2018-01-09,1235426.0,117136.03,117136.03,149329.12,149329.12
2018-01-09,34156728.0,478444.3,478444.3,415628.53,415628.53
2018-01-09,13985.0,3973102.26,3973102.26,0.0,0.0
2018-01-09,36213979.0,0.0,0.0,335106.32,335106.32
2018-01-09,17132.0,412002.15,412002.15,517482.49,517482.49
2018-01-09,34157147.0,274922.35,15835582.34447,20093.24,1157374.642648
2018-01-09,30277.0,1259338.69,1259338.69,1645644.08,1645644.08
2018-01-09,34156914.0,440546.65,440546.65,450689.55,450689.55
2018-01-09,406275750.0,46752.59,46752.59,0.0,0.0
2018-01-09,17439.0,227313.18,227313.18,276923.15,276923.15
2018-01-09,13630.0,80020220.76,80020220.76,46566724.02,46566724.02
2018-01-09,13907.0,30324.44,2355417.520116,54182.44,4208561.426316
2018-01-09,312741916.0,112024.25,112024.25,29844.66,29844.66
2018-01-09,13906.0,113539.46,6695910.175878,19003.47,1120716.340821
2018-01-09,17436.0,6659524.16,6659524.16,12596733.52,12596733.52
2018-01-09,331483502.0,83774.77,83774.77,0.0,0.0
2018-01-09,17437.0,410260.04,410260.04,358365.23,358365.23
2018-01-09,17244.0,218503.42,218503.42,518009.66,518009.66
2018-01-09,25686468.0,0.0,0.0,100454.0,100454.0
2018-01-09,14043.0,411.9,6800.8809,0.0,0.0
2018-01-09,14138.0,224344.95,15449918.80266,347114.78,23904684.131304
2018-01-10,1972647.0,249253.38,249253.38,61443.85,61443.85
2018-01-10,34157174.0,301606.88,301606.88,89566.46,89566.46
2018-01-10,13631.0,537071.23,30637926.507949,472145.23,26934138.434149
2018-01-10,17434.0,84534.58,84534.58,180447.0,180447.0
2018-01-10,13632.0,1529217.55,104308387.850765,128919.93,8793667.101279
2018-01-10,1235426.0,171505.66,171505.66,39510.46,39510.46
2018-01-10,34156728.0,47544.71,47544.71,91457.82,91457.82
2018-01-10,13985.0,2313301.06,2313301.06,1979104.07,1979104.07
2018-01-10,81940552.0,1164.12,588.44286996,0.0,0.0
2018-01-10,36213979.0,127486.11,127486.11,181069.28,181069.28
2018-01-10,17132.0,211478.55,211478.55,400130.03,400130.03
2018-01-10,34157147.0,108061.29,6164496.767727,251684.83,14357688.317629
2018-01-10,17440.0,250152.89,250152.89,1965201.39,1965201.39
2018-01-10,30277.0,429333.65,429333.65,882092.25,882092.25
2018-01-10,34156914.0,131066.25,131066.25,54723.35,54723.35
2018-01-10,17439.0,216330.59,216330.59,234250.58,234250.58
2018-01-10,13630.0,23919400.33,23919400.33,48441280.64,48441280.64
2018-01-10,13907.0,82351.13,6358511.919786,0.0,0.0
2018-01-10,312741916.0,1137512.87,1137512.87,1642700.01,1642700.01
2018-01-10,24753.0,31170.37,1430074.756341,0.0,0.0
2018-01-10,13906.0,77575.04,4509243.1376,59928.8,3483511.322
2018-01-10,17436.0,6631255.13,6631255.13,9071593.12,9071593.12
2018-01-10,17437.0,109143.25,109143.25,63371.77,63371.77
2018-01-10,131824186.0,76355.39,76355.39,0.0,0.0
2018-01-10,17441.0,101448.8,101448.8,0.0,0.0
2018-01-10,22798.0,83906.2,1274711.38102,0.0,0.0
2018-01-10,25686468.0,108485.62,108485.62,453812.25,453812.25
2018-01-10,184239035.0,19227.66,168220.874574,0.0,0.0
2018-01-10,14043.0,22705.96,370379.61952,0.0,0.0
2018-01-10,14138.0,264364.57,18032386.629071,231705.44,15804697.574032
2018-01-11,13630.0,82508237.4,82508237.4,38183038.76,38183038.76
2018-01-11,13631.0,724445.36,41201670.737424,564536.31,32107099.373154
2018-01-11,13632.0,1480507.49,100502918.501909,347186.08,23568414.573328
2018-01-11,13906.0,52490.81,3040671.894437,0.0,0.0
2018-01-11,13907.0,34612.43,2660463.664492,33862.45,2602816.90178
2018-01-11,13985.0,385043.89,385043.89,1377958.92,1377958.92
2018-01-11,14043.0,27784.76,451218.945448,0.0,0.0
2018-01-11,14138.0,145265.41,9861211.618981,575627.76,39075972.422616
2018-01-11,17132.0,1265603.03,1265603.03,674837.74,674837.74
2018-01-11,17244.0,359509.3,359509.3,247421.39,247421.39
2018-01-11,17434.0,443400.92,443400.92,436094.51,436094.51
2018-01-11,17436.0,4283090.42,4283090.42,11197515.67,11197515.67
2018-01-11,17437.0,268721.78,268721.78,274398.39,274398.39
2018-01-11,17439.0,185894.75,185894.75,211151.18,211151.18
2018-01-11,17440.0,99005.0,99005.0,196547.46,196547.46
2018-01-11,22798.0,90354.39,1358920.990161,0.0,0.0
2018-01-11,24753.0,22047.07,1006819.136276,0.0,0.0
2018-01-11,30277.0,1286712.68,1286712.68,522689.1,522689.1
2018-01-11,1235426.0,102444.81,102444.81,219673.41,219673.41
2018-01-11,1972647.0,128394.96,128394.96,269884.45,269884.45
2018-01-11,25686468.0,78749.85,78749.85,117461.68,117461.68
2018-01-11,34156728.0,45975.02,45975.02,66356.79,66356.79
2018-01-11,34156914.0,109510.48,109510.48,97458.67,97458.67
2018-01-11,34157147.0,69132.54,3931802.600436,60061.82,3415919.913588
2018-01-11,34157174.0,374695.67,374695.67,270359.64,270359.64
2018-01-11,81940552.0,0.0,0.0,88366.13,44902.18856594
2018-01-11,184239035.0,40824.31,356254.5659443,57771.84,504147.6949152
2018-01-11,312741916.0,953541.4,953541.4,2067453.92,2067453.92
2018-01-11,331483502.0,1121370.97,1121370.97,466148.47,466148.47
2018-01-12,13560.0,13905.29,13905.29,106065.73,106065.73
2018-01-12,13630.0,31851350.09,31851350.09,33221074.63,33221074.63
2018-01-12,13631.0,452610.92,25796876.213044,313733.16,17881441.067412
2018-01-12,13632.0,1442501.72,98174647.560792,416117.99,28320407.834214
2018-01-12,13906.0,0.0,0.0,54942.3,3193103.62602
2018-01-12,13907.0,38783.72,2979318.829936,78158.68,6004056.007184
2018-01-12,13985.0,451731.82,451731.82,169376.75,169376.75
2018-01-12,14043.0,0.0,0.0,51284.78,835957.299434
2018-01-12,14138.0,59941.23,4079516.196078,180633.13,12293637.941418
2018-01-12,17132.0,330659.07,330659.07,752831.49,752831.49
2018-01-12,17244.0,92493.99,92493.99,623284.71,623284.71
2018-01-12,17434.0,193916.01,193916.01,312052.77,312052.77
2018-01-12,17436.0,6995324.5,6995324.5,7532116.02,7532116.02
2018-01-12,17437.0,63729.98,63729.98,243944.56,243944.56
2018-01-12,17439.0,151809.78,151809.78,159855.11,159855.11
2018-01-12,17440.0,149075.64,149075.64,167270.3,167270.3
2018-01-12,17441.0,162233.87,162233.87,125867.32,125867.32
2018-01-12,22798.0,15013.04,225647.492504,0.0,0.0
2018-01-12,24753.0,90276.81,4091110.309494,0.0,0.0
2018-01-12,30277.0,1449989.52,1449989.52,1584615.7,1584615.7
2018-01-12,1235426.0,87774.65,87774.65,143379.08,143379.08
2018-01-12,1972647.0,399328.94,399328.94,556101.15,556101.15
2018-01-12,25686468.0,101510.84,101510.84,181098.41,181098.41
2018-01-12,34156728.0,94886.8,94886.8,156060.91,156060.91
2018-01-12,34156872.0,99358.23,6762182.032278,0.0,0.0
2018-01-12,34156914.0,83077.78,83077.78,107446.79,107446.79
2018-01-12,34157147.0,193.86,11049.186402,89808.92,5118722.261644
2018-01-12,34157174.0,457276.69,457276.69,61407.46,61407.46
2018-01-12,36213979.0,0.0,0.0,184009.34,184009.34
2018-01-12,81940552.0,0.0,0.0,59425.76,30326.450972
2018-01-12,184239035.0,0.0,0.0,73375.39,642576.9066321
2018-01-12,312741916.0,1218210.58,1218210.58,2210515.82,2210515.82
2018-01-12,331483502.0,537611.17,537611.17,719022.41,719022.41
2018-01-15,13560.0,407967.62,407967.62,0.0,0.0
2018-01-15,13630.0,68108793.57,68108793.57,35397045.18,35397045.18
2018-01-15,13631.0,43107.13,2439945.461547,0.0,0.0
2018-01-15,13632.0,1915070.8,130715455.53896,765016.68,52217131.513416
2018-01-15,13906.0,14596.18,847789.92294,0.0,0.0
2018-01-15,13907.0,143330.72,11000131.10248,0.0,0.0
2018-01-15,13985.0,454169.91,454169.91,110766.45,110766.45
2018-01-15,14043.0,0.0,0.0,90805.92,1488372.592944
2018-01-15,14138.0,233264.37,15921739.491594,175474.72,11977237.583264
2018-01-15,17132.0,153910.04,153910.04,301809.89,301809.89
2018-01-15,17244.0,0.0,0.0,93797.63,93797.63
2018-01-15,17434.0,0.0,0.0,73638.24,73638.24
2018-01-15,17436.0,5460204.85,5460204.85,3712631.0,3712631.0
2018-01-15,17437.0,494117.09,494117.09,229891.24,229891.24
2018-01-15,17439.0,248696.67,248696.67,181172.97,181172.97
2018-01-15,22798.0,30470.41,457644.228913,0.0,0.0
2018-01-15,24753.0,27332.06,1234083.50709,0.0,0.0
2018-01-15,30277.0,316964.8,316964.8,185020.34,185020.34
2018-01-15,34156728.0,182046.45,182046.45,93153.02,93153.02
2018-01-15,34156872.0,12083.53,824775.840386,20817.95,1420954.15879
2018-01-15,34156914.0,78572.32,78572.32,160265.21,160265.21
2018-01-15,34157174.0,347547.64,347547.64,112719.36,112719.36
2018-01-15,36213979.0,0.0,0.0,75107.66,75107.66
2018-01-15,56751763.0,53012.14,3000587.847066,0.0,0.0
2018-01-15,81940552.0,47684.23,24257.58769599,0.0,0.0
2018-01-15,184239035.0,50737.63,444022.2509242,0.0,0.0
2018-01-15,312741916.0,0.0,0.0,669800.25,669800.25
2018-01-15,331483502.0,0.0,0.0,1650874.09,1650874.09
2018-01-16,13630.0,31311248.04,31311248.04,38731994.52,38731994.52
2018-01-16,13631.0,779156.73,43910857.916937,995953.84,56128870.965496
2018-01-16,13632.0,999459.58,68780209.700692,486235.44,33461458.768656
2018-01-16,13906.0,0.0,0.0,52550.09,3066113.826185
2018-01-16,13907.0,0.0,0.0,105516.92,8178363.228592
2018-01-16,13985.0,765992.98,765992.98,223037.16,223037.16
2018-01-16,14043.0,0.0,0.0,47689.83,787220.792793
2018-01-16,14138.0,208545.93,14351588.683182,445354.3,30648125.00482
2018-01-16,17132.0,93192.03,93192.03,325141.22,325141.22
2018-01-16,17244.0,166002.75,166002.75,240598.93,240598.93
2018-01-16,17434.0,84638.71,84638.71,374136.06,374136.06
2018-01-16,17436.0,9670270.82,9670270.82,13447298.61,13447298.61
2018-01-16,17437.0,1376520.39,1376520.39,430800.31,430800.31
2018-01-16,17439.0,272249.29,272249.29,170454.37,170454.37
2018-01-16,17440.0,470898.26,470898.26,2517803.7,2517803.7
2018-01-16,17441.0,235752.94,235752.94,501974.85,501974.85
2018-01-16,22798.0,9407.46,141105.314778,0.0,0.0
2018-01-16,24753.0,0.0,0.0,12515.59,566811.046156
2018-01-16,30277.0,1872600.66,1872600.66,2125824.39,2125824.39
2018-01-16,1235426.0,316034.79,316034.79,443236.7,443236.7
2018-01-16,1972647.0,242846.82,242846.82,649979.06,649979.06
2018-01-16,25686468.0,98298.4,98298.4,227825.01,227825.01
2018-01-16,34156728.0,149422.27,149422.27,110836.68,110836.68
2018-01-16,34156872.0,108230.09,7448113.395566,0.0,0.0
2018-01-16,34156914.0,74157.7,74157.7,80146.09,80146.09
2018-01-16,34157147.0,715424.09,40319083.897721,0.0,0.0
2018-01-16,34157174.0,481854.23,481854.23,19681.0,19681.0
2018-01-16,36213979.0,118870.09,118870.09,259542.64,259542.64
2018-01-16,56751763.0,0.0,0.0,355272.73,20022069.717337
2018-01-16,81940552.0,0.0,0.0,91426.25,46542.63536625
2018-01-16,184239035.0,74708.35,653646.5137385,0.0,0.0
2018-01-16,312741916.0,479640.25,479640.25,546445.51,546445.51
2018-01-16,331483502.0,103563.27,103563.27,587955.51,587955.51
2018-01-17,13630.0,21083455.26,21083455.26,33819434.29,33819434.29
2018-01-17,13631.0,416402.45,23480018.07011,664610.52,37475925.079656
2018-01-17,13632.0,761917.33,52590810.361119,725117.06,50050697.484558
2018-01-17,13906.0,0.0,0.0,26943.72,1577015.9316
2018-01-17,13907.0,0.0,0.0,107680.34,8373094.021992
2018-01-17,13985.0,462784.1,462784.1,265355.51,265355.51
2018-01-17,14043.0,0.0,0.0,58386.72,967041.727344
2018-01-17,14138.0,133464.89,9212320.606827,182199.52,12576194.328336
2018-01-17,17132.0,202283.5,202283.5,152160.74,152160.74
2018-01-17,17244.0,71153.69,71153.69,178090.09,178090.09
2018-01-17,17434.0,98071.74,98071.74,240018.99,240018.99
2018-01-17,17436.0,6015292.05,6015292.05,10322493.67,10322493.67
2018-01-17,17437.0,1125548.74,1125548.74,1836432.05,1836432.05
2018-01-17,17439.0,232178.74,232178.74,244281.94,244281.94
2018-01-17,17440.0,20965.76,20965.76,497753.62,497753.62
2018-01-17,17441.0,0.0,0.0,149248.09,149248.09
2018-01-17,22798.0,48704.36,719592.307692,0.0,0.0
2018-01-17,24753.0,0.0,0.0,87292.58,3961555.51185
2018-01-17,30277.0,284485.37,284485.37,1043600.54,1043600.54
2018-01-17,1235426.0,125353.15,125353.15,171331.62,171331.62
2018-01-17,1972647.0,0.0,0.0,133193.45,133193.45
2018-01-17,25686468.0,114636.07,114636.07,200244.0,200244.0
2018-01-17,34156728.0,74651.17,74651.17,130237.66,130237.66
2018-01-17,34156872.0,131232.02,9058198.318086,34478.65,2379864.681195
2018-01-17,34156914.0,125779.89,125779.89,150210.33,150210.33
2018-01-17,34157147.0,190379.66,10735090.192148,271901.28,15331914.996384
2018-01-17,34157174.0,494593.07,494593.07,10775.65,10775.65
2018-01-17,36213979.0,0.0,0.0,185352.34,185352.34
2018-01-17,81940552.0,0.0,0.0,68773.61,35026.81221466
2018-01-17,131824186.0,0.0,0.0,153169.04,153169.04
2018-01-17,184239035.0,0.0,0.0,45738.37,400728.0384647
2018-01-17,312741916.0,2212358.51,2212358.51,1774216.63,1774216.63
2018-01-17,331483502.0,0.0,0.0,33287.01,33287.01
2018-01-18,13560.0,79212.11,79212.11,0.0,0.0
2018-01-18,13630.0,65654029.83,65654029.83,38697486.72,38697486.72
2018-01-18,13631.0,1021916.84,57832828.7677,855459.99,48412619.484075
2018-01-18,13632.0,1186906.59,82101889.55007,537455.16,37177385.78268
2018-01-18,13906.0,0.0,0.0,99831.51,5872269.114918
2018-01-18,13907.0,0.0,0.0,91450.25,7129113.97905
2018-01-18,13985.0,187798.53,187798.53,295785.19,295785.19
2018-01-18,14043.0,0.0,0.0,53221.27,883675.322826
2018-01-18,14138.0,155915.68,10785155.33264,59417.02,4110053.52446
2018-01-18,17132.0,160719.15,160719.15,251169.06,251169.06
2018-01-18,17244.0,247922.34,247922.34,246295.3,246295.3
2018-01-18,17434.0,433385.7,433385.7,326523.01,326523.01
2018-01-18,17436.0,10513322.56,10513322.56,11922507.6,11922507.6
2018-01-18,17437.0,313043.7,313043.7,3343457.79,3343457.79
2018-01-18,17439.0,274019.97,274019.97,275034.0,275034.0
2018-01-18,17440.0,273390.21,273390.21,273144.47,273144.47
2018-01-18,22798.0,0.0,0.0,62712.25,930116.735875
2018-01-18,24753.0,0.0,0.0,50937.92,2315795.750752
2018-01-18,30277.0,642651.15,642651.15,548727.49,548727.49
2018-01-18,1235426.0,61685.01,61685.01,146691.45,146691.45
2018-01-18,1972647.0,582098.78,582098.78,287966.0,287966.0
2018-01-18,25686468.0,94713.31,94713.31,241824.36,241824.36
2018-01-18,34156728.0,74975.51,74975.51,101654.92,101654.92
2018-01-18,34156872.0,94757.98,6554693.75054,81515.71,5638686.20783
2018-01-18,34156914.0,93628.35,93628.35,144396.8,144396.8
2018-01-18,34157147.0,535611.89,30311615.884825,129529.01,7330370.498425
2018-01-18,34157174.0,368338.49,368338.49,174795.73,174795.73
2018-01-18,36213979.0,48426.13,48426.13,135199.54,135199.54
2018-01-18,81940552.0,0.0,0.0,54520.97,27858.5800409
2018-01-18,184239035.0,0.0,0.0,50957.54,448319.341166
2018-01-18,312741916.0,704069.88,704069.88,2129471.56,2129471.56
2018-01-18,331483502.0,313736.87,313736.87,166409.65,166409.65
2018-01-19,13630.0,30335930.46,30335930.46,33425632.75,33425632.75
2018-01-19,13631.0,475420.12,26984703.385164,228913.46,12993059.315562
2018-01-19,13632.0,1286594.13,89107193.574366,488322.09,33820308.973638
2018-01-19,13906.0,0.0,0.0,59951.87,3530661.547292
2018-01-19,13907.0,0.0,0.0,74956.4,5887802.73308
2018-01-19,13985.0,65921.37,65921.37,96874.95,96874.95
2018-01-19,14043.0,0.0,0.0,56966.99,946939.487974
2018-01-19,14138.0,124404.66,8616042.823212,68370.68,4735230.229576
2018-01-19,17132.0,419484.98,419484.98,387192.93,387192.93
2018-01-19,17244.0,164475.21,164475.21,495774.76,495774.76
2018-01-19,17434.0,542860.44,542860.44,1334635.32,1334635.32
2018-01-19,17436.0,7520164.81,7520164.81,14104514.46,14104514.46
2018-01-19,17437.0,154047.54,154047.54,754408.28,754408.28
2018-01-19,17439.0,259154.12,259154.12,106941.77,106941.77
2018-01-19,17440.0,127997.7,127997.7,168356.94,168356.94
2018-01-19,17441.0,255039.58,255039.58,214940.04,214940.04
2018-01-19,22798.0,0.0,0.0,94260.1,1408236.46799
2018-01-19,24753.0,0.0,0.0,56347.55,2572406.526375
2018-01-19,30277.0,260965.61,260965.61,947574.33,947574.33
2018-01-19,1235426.0,87310.72,87310.72,90945.02,90945.02
2018-01-19,1972647.0,111532.03,111532.03,75580.73,75580.73
2018-01-19,25686468.0,59550.19,59550.19,148808.35,148808.35
2018-01-19,34156728.0,62157.68,62157.68,115347.71,115347.71
2018-01-19,34156872.0,51476.25,3565152.41775,0.0,0.0
2018-01-19,34156914.0,141705.24,141705.24,74506.25,74506.25
2018-01-19,34157147.0,7340.05,416619.035985,201569.62,11441031.160314
2018-01-19,34157174.0,315205.94,315205.94,20038.68,20038.68
2018-01-19,36213979.0,0.0,0.0,226339.33,226339.33
2018-01-19,81940552.0,87427.91,44623.72983146,0.0,0.0
2018-01-19,184239035.0,0.0,0.0,93449.08,825611.4079104
2018-01-19,312741916.0,589799.18,589799.18,967370.96,967370.96
2018-01-19,331483502.0,0.0,0.0,62314.91,62314.91
2018-01-22,13630.0,61377787.97,61377787.97,35452259.94,35452259.94
2018-01-22,13631.0,357691.28,20241463.382176,659114.03,37298735.666476
2018-01-22,13632.0,1590053.02,110342206.338806,522481.3,36257746.55789
2018-01-22,13906.0,0.0,0.0,83472.6,4949340.8718
2018-01-22,13907.0,0.0,0.0,51808.15,4083678.988265
2018-01-22,13985.0,333678.77,333678.77,100010.57,100010.57
2018-01-22,14043.0,0.0,0.0,93982.7,1567142.72596
2018-01-22,14138.0,96523.98,6698310.549294,133770.22,9283024.547966
2018-01-22,17132.0,276212.64,276212.64,376400.44,376400.44
2018-01-22,17434.0,217930.79,217930.79,341616.62,341616.62
2018-01-22,17436.0,5941812.72,5941812.72,7412162.5,7412162.5
2018-01-22,17437.0,195432.02,195432.02,404043.2,404043.2
2018-01-22,17439.0,145576.5,145576.5,193427.11,193427.11
2018-01-22,17440.0,94645.53,94645.53,278828.87,278828.87
2018-01-22,17441.0,190511.07,190511.07,512500.24,512500.24
2018-01-22,22798.0,0.0,0.0,18901.87,283131.11073
2018-01-22,24753.0,36013.2,1641132.32796,0.0,0.0
2018-01-22,30277.0,860774.07,860774.07,619525.91,619525.91
2018-01-22,1235426.0,112712.89,112712.89,206982.73,206982.73
2018-01-22,1972647.0,115795.08,115795.08,0.0,0.0
2018-01-22,25686468.0,189231.09,189231.09,161430.87,161430.87
2018-01-22,34156728.0,151806.21,151806.21,56493.2,56493.2
2018-01-22,34156872.0,165005.73,11450622.135069,54566.93,3786688.477429
2018-01-22,34156914.0,104068.86,104068.86,164233.35,164233.35
2018-01-22,34157147.0,196056.58,11094685.016936,0.0,0.0
2018-01-22,34157174.0,385910.5,385910.5,27159.64,27159.64
2018-01-22,36213979.0,15496.37,15496.37,35032.52,35032.52
2018-01-22,81940552.0,0.0,0.0,89354.33,45724.93387358
2018-01-22,184239035.0,0.0,0.0,90457.2,799353.994104
2018-01-22,312741916.0,487352.17,487352.17,1494206.78,1494206.78
2018-01-22,331483502.0,158553.03,158553.03,601183.9,601183.9
2018-01-23,13630.0,22418710.8,22418710.8,33649501.85,33649501.85
2018-01-23,13631.0,697882.32,39518354.040552,681854.02,38610733.921922
2018-01-23,13632.0,1184886.82,82071185.5873,409640.45,28373745.76925
2018-01-23,13904.0,0.0,0.0,149647.04,149647.04
2018-01-23,13905.0,93819.58,93819.58,0.0,0.0
2018-01-23,13906.0,39763.68,2343285.591504,0.0,0.0
2018-01-23,13907.0,156845.23,12338230.01795,70430.43,5540409.77595
2018-01-23,13985.0,647799.62,647799.62,155730.93,155730.93
2018-01-23,14043.0,31294.87,520120.7394,0.0,0.0
2018-01-23,17132.0,175177.61,175177.61,178324.23,178324.23
2018-01-23,17434.0,341546.42,341546.42,158078.71,158078.71
2018-01-23,17436.0,4753981.08,4753981.08,6795013.94,6795013.94
2018-01-23,17437.0,105408.58,105408.58,287028.39,287028.39
2018-01-23,17439.0,182048.05,182048.05,213000.36,213000.36
2018-01-23,17440.0,59153.49,59153.49,668643.73,668643.73
2018-01-23,17441.0,0.0,0.0,156009.94,156009.94
2018-01-23,22798.0,16331.99,242753.799763,0.0,0.0
2018-01-23,24753.0,53257.29,2417630.656737,0.0,0.0
2018-01-23,30277.0,293350.67,293350.67,388992.06,388992.06
2018-01-23,1235426.0,97941.75,97941.75,204517.92,204517.92
2018-01-23,1972647.0,166869.82,166869.82,155610.35,155610.35
2018-01-23,25686468.0,49071.14,49071.14,131333.96,131333.96
2018-01-23,34156728.0,148406.02,148406.02,58153.76,58153.76
2018-01-23,34156872.0,17358.51,1202337.19515,102366.28,7090400.3842
2018-01-23,34156914.0,69338.32,69338.32,193090.81,193090.81
2018-01-23,34157147.0,310952.75,17608041.516775,146378.24,8288828.856064
2018-01-23,34157174.0,389166.28,389166.28,7812.37,7812.37
2018-01-23,36213979.0,129440.65,129440.65,65227.27,65227.27
2018-01-23,81940552.0,30987.85,15829.67835475,0.0,0.0
2018-01-23,184239035.0,0.0,0.0,73731.11,652095.6323064
2018-01-23,312741916.0,1340095.97,1340095.97,1462922.97,1462922.97
2018-01-23,331483502.0,295896.24,295896.24,0.0,0.0
2018-01-23,406275750.0,87173.61,87173.61,0.0,0.0
2018-01-24,13560.0,67147.99,67147.99,0.0,0.0
2018-01-24,13630.0,24239306.95,24239306.95,31583082.95,31583082.95
2018-01-24,13631.0,432323.63,24388024.453745,632832.0,35699002.368
2018-01-24,13632.0,517274.2,35728232.44884,153557.4,10606240.32948
2018-01-24,13906.0,58781.92,3443738.7832,0.0,0.0
2018-01-24,13907.0,0.0,0.0,11476.25,903112.0175
2018-01-24,13985.0,536166.18,536166.18,239174.06,239174.06
2018-01-24,14043.0,94499.68,1562892.407648,0.0,0.0
2018-01-24,17132.0,101680.19,101680.19,221695.68,221695.68
2018-01-24,17244.0,52202.23,52202.23,0.0,0.0
2018-01-24,17434.0,178936.89,178936.89,603058.94,603058.94
2018-01-24,17436.0,4221910.24,4221910.24,7525167.82,7525167.82
2018-01-24,17437.0,261528.54,261528.54,249765.81,249765.81
2018-01-24,17439.0,196996.73,196996.73,230805.68,230805.68
2018-01-24,17440.0,16221.38,16221.38,149670.35,149670.35
2018-01-24,22798.0,72674.62,1079545.14279,0.0,0.0
2018-01-24,24753.0,3649.52,164844.803928,0.0,0.0
2018-01-24,30277.0,451368.52,451368.52,1032015.32,1032015.32
2018-01-24,1235426.0,87540.07,87540.07,327723.36,327723.36
2018-01-24,1972647.0,33672.12,33672.12,421404.55,421404.55
2018-01-24,25686468.0,91246.16,91246.16,190296.32,190296.32
2018-01-24,34156728.0,111256.85,111256.85,166467.19,166467.19
2018-01-24,34156872.0,0.0,0.0,48514.24,3350888.259648
2018-01-24,34156914.0,95896.77,95896.77,89095.05,89095.05
2018-01-24,34157147.0,211887.91,11952914.834965,223712.4,12619952.0526
2018-01-24,34157174.0,383880.78,383880.78,128873.31,128873.31
2018-01-24,36213979.0,0.0,0.0,272120.02,272120.02
2018-01-24,81940552.0,39544.3,20105.0339174,0.0,0.0
2018-01-24,184239035.0,87542.17,771249.1439651,0.0,0.0
2018-01-24,312741916.0,56417.89,56417.89,504063.63,504063.63
2018-01-24,331483502.0,177296.8,177296.8,85055.71,85055.71
2018-01-24,406275750.0,33614.75,33614.75,183704.16,183704.16
2018-01-25,13560.0,48510.89,48510.89,0.0,0.0
2018-01-25,13630.0,85204991.9,85204991.9,39456036.75,39456036.75
2018-01-25,13631.0,572025.23,32255816.289424,554126.06,31246503.572128
2018-01-25,13632.0,668255.07,46409245.403388,498974.33,34652968.859572
2018-01-25,13906.0,0.0,0.0,40448.52,2393832.400344
2018-01-25,13907.0,70475.59,5581927.487683,47737.62,3780996.133194
2018-01-25,13985.0,604473.11,604473.11,320580.74,320580.74
2018-01-25,14043.0,0.0,0.0,30722.18,511782.363312
2018-01-25,17132.0,195921.74,195921.74,277215.31,277215.31
2018-01-25,17244.0,154697.78,154697.78,123290.27,123290.27
2018-01-25,17434.0,291157.18,291157.18,283929.14,283929.14
2018-01-25,17436.0,7820059.6,7820059.6,8941854.88,8941854.88
2018-01-25,17437.0,62625.92,62625.92,340611.6,340611.6
2018-01-25,17439.0,166954.3,166954.3,164784.56,164784.56
2018-01-25,17440.0,35614.46,35614.46,177475.06,177475.06
2018-01-25,22798.0,0.0,0.0,53150.79,799015.82607
2018-01-25,24753.0,0.0,0.0,65912.79,2996889.779325
2018-01-25,30277.0,414305.2,414305.2,644363.76,644363.76
2018-01-25,1235426.0,105388.35,105388.35,449334.35,449334.35
2018-01-25,1972647.0,68009.0,68009.0,236120.94,236120.94
2018-01-25,25686468.0,8823.9,8823.9,130230.21,130230.21
2018-01-25,34156728.0,119620.38,119620.38,57684.75,57684.75
2018-01-25,34156872.0,64990.61,4513493.879524,0.0,0.0
2018-01-25,34156914.0,68829.04,68829.04,82084.72,82084.72
2018-01-25,34157147.0,61961.66,3493943.653408,88962.56,5016492.003328
2018-01-25,34157174.0,448094.17,448094.17,62918.13,62918.13
2018-01-25,36213979.0,95379.75,95379.75,103754.9,103754.9
2018-01-25,81940552.0,0.0,0.0,97313.74,49946.7636237
2018-01-25,184239035.0,0.0,0.0,56161.19,495751.672487
2018-01-25,312741916.0,407644.78,407644.78,632919.54,632919.54
2018-01-25,331483502.0,697228.85,697228.85,396239.72,396239.72
2018-01-25,406275750.0,56007.01,56007.01,0.0,0.0
2018-01-26,13630.0,30909240.91,30909240.91,27918489.0,27918489.0
2018-01-26,13631.0,494994.81,27684465.729528,731151.91,40892448.944008
2018-01-26,13632.0,649071.1,45083180.4638,694984.08,48272204.22864
2018-01-26,13906.0,0.0,0.0,9785.64,580688.684676
2018-01-26,13907.0,0.0,0.0,50855.67,4053690.198999
2018-01-26,13985.0,206868.86,206868.86,215778.14,215778.14
2018-01-26,14043.0,0.0,0.0,11547.47,193086.400617
2018-01-26,14138.0,266568.39,18515307.23262,0.0,0.0
2018-01-26,17132.0,928904.24,928904.24,357358.73,357358.73
2018-01-26,17244.0,73547.63,73547.63,113541.32,113541.32
2018-01-26,17434.0,102667.16,102667.16,240126.49,240126.49
2018-01-26,17436.0,6262525.65,6262525.65,9278224.06,9278224.06
2018-01-26,17437.0,557439.69,557439.69,284687.58,284687.58
2018-01-26,17439.0,177796.78,177796.78,208159.76,208159.76
2018-01-26,17440.0,150313.78,150313.78,335946.38,335946.38
2018-01-26,17441.0,195343.49,195343.49,243912.57,243912.57
2018-01-26,22798.0,45315.4,676355.0027,0.0,0.0
2018-01-26,24753.0,51836.02,2352805.846188,0.0,0.0
2018-01-26,30277.0,850242.17,850242.17,1222762.76,1222762.76
2018-01-26,1235426.0,141436.11,141436.11,344687.66,344687.66
2018-01-26,1972647.0,84738.32,84738.32,623368.82,623368.82
2018-01-26,25686468.0,98114.37,98114.37,106440.88,106440.88
2018-01-26,34156728.0,79416.05,79416.05,123422.22,123422.22
2018-01-26,34156872.0,96037.05,6670541.4189,28556.9,1983505.1602
2018-01-26,34156914.0,120963.53,120963.53,69450.3,69450.3
2018-01-26,34157147.0,130892.23,7320645.353224,124765.57,6977988.611416
2018-01-26,34157174.0,492099.27,492099.27,211079.45,211079.45
2018-01-26,81940552.0,37571.93,19256.40313553,0.0,0.0
2018-01-26,184239035.0,0.0,0.0,7190.59,63524.548296
2018-01-26,331483502.0,0.0,0.0,368773.47,368773.47
2018-01-26,406275750.0,95246.79,95246.79,103168.17,103168.17
2018-01-29,13630.0,52970791.38,52970791.38,33241587.46,33241587.46
2018-01-29,13631.0,875591.3,48883211.56944,957515.5,53456941.3464
2018-01-29,13632.0,1838096.71,127944949.121983,643105.14,44764812.411522
2018-01-29,13906.0,0.0,0.0,14094.27,841208.048388
2018-01-29,13907.0,20852.4,1656837.8682,0.0,0.0
2018-01-29,13985.0,719172.71,719172.71,121911.7,121911.7
2018-01-29,14043.0,0.0,0.0,20321.32,341422.561584
2018-01-29,14138.0,224748.24,15644118.166152,458892.98,31942301.326754
2018-01-29,17132.0,108785.84,108785.84,395800.92,395800.92
2018-01-29,17244.0,0.0,0.0,149933.52,149933.52
2018-01-29,17434.0,293272.49,293272.49,416668.62,416668.62
2018-01-29,17436.0,5824979.88,5824979.88,6617258.82,6617258.82
2018-01-29,17437.0,1461901.03,1461901.03,1625957.68,1625957.68
2018-01-29,17439.0,238417.62,238417.62,188285.79,188285.79
2018-01-29,17440.0,91320.81,91320.81,274903.35,274903.35
2018-01-29,17441.0,0.0,0.0,147788.72,147788.72
2018-01-29,22798.0,0.0,0.0,40254.76,601369.885116
2018-01-29,24753.0,49215.04,2230750.432064,0.0,0.0
2018-01-29,30277.0,327802.06,327802.06,406035.77,406035.77
2018-01-29,1235426.0,218558.38,218558.38,298006.17,298006.17
2018-01-29,1972647.0,105400.63,105400.63,2995.5,2995.5
2018-01-29,25686468.0,260793.9,260793.9,237087.31,237087.31
2018-01-29,34156728.0,38337.52,38337.52,42142.74,42142.74
2018-01-29,34156872.0,100985.39,7029320.337347,0.0,0.0
2018-01-29,34156914.0,56463.71,56463.71,147051.66,147051.66
2018-01-29,34157147.0,222750.57,12435897.022416,191099.91,10668878.655408
2018-01-29,34157174.0,419188.33,419188.33,385637.62,385637.62
2018-01-29,36213979.0,138039.7,138039.7,262449.15,262449.15
2018-01-29,81940552.0,80443.48,41211.83835184,0.0,0.0
2018-01-29,184239035.0,219175.32,1936153.1335692,0.0,0.0
2018-01-29,312741916.0,87220.85,87220.85,154299.58,154299.58
2018-01-29,331483502.0,0.0,0.0,300638.07,300638.07
2018-01-30,13560.0,0.0,0.0,114097.57,114097.57
2018-01-30,13630.0,23214820.5,23214820.5,37480977.03,37480977.03
2018-01-30,13631.0,318799.36,17945471.013888,508660.75,28632920.5461
2018-01-30,13632.0,1331560.29,93011217.284877,613953.75,42885467.577375
2018-01-30,13906.0,0.0,0.0,39629.9,2378503.37521
2018-01-30,13907.0,0.0,0.0,63143.42,5021291.04524
2018-01-30,13985.0,898593.2,898593.2,284933.55,284933.55
2018-01-30,14043.0,0.0,0.0,37186.0,625985.4054
2018-01-30,14138.0,17797.27,1243162.445951,497607.35,34758520.287055
2018-01-30,17132.0,179651.39,179651.39,774598.03,774598.03
2018-01-30,17244.0,133957.5,133957.5,0.0,0.0
2018-01-30,17434.0,128590.46,128590.46,276054.66,276054.66
2018-01-30,17436.0,7331388.2,7331388.2,12711925.46,12711925.46
2018-01-30,17437.0,151153.02,151153.02,36222.94,36222.94
2018-01-30,17439.0,200688.68,200688.68,225792.2,225792.2
2018-01-30,17440.0,82299.15,82299.15,466521.78,466521.78
2018-01-30,22798.0,46971.23,699298.277994,0.0,0.0
2018-01-30,24753.0,0.0,0.0,21297.47,970651.362973
2018-01-30,30277.0,616077.09,616077.09,275376.14,275376.14
2018-01-30,1235426.0,383241.72,383241.72,70466.19,70466.19
2018-01-30,25686468.0,72086.66,72086.66,142125.21,142125.21
2018-01-30,34156728.0,91753.91,91753.91,181370.99,181370.99
2018-01-30,34156872.0,40539.35,2831726.298655,34048.33,2378320.113329
2018-01-30,34156914.0,45148.46,45148.46,21772.52,21772.52
2018-01-30,34157147.0,82029.52,4617507.304416,90435.43,5090682.703044
2018-01-30,34157174.0,431736.41,431736.41,5221.34,5221.34
2018-01-30,36213979.0,0.0,0.0,122465.63,122465.63
2018-01-30,81940552.0,0.0,0.0,60761.95,31389.31956025
2018-01-30,184239035.0,0.0,0.0,68791.27,612030.4258884
2018-01-30,312741916.0,239492.14,239492.14,389482.69,389482.69
2018-01-30,331483502.0,43814.05,43814.05,288944.22,288944.22
2018-01-30,406275750.0,14284.18,14284.18,0.0,0.0
2018-01-31,13560.0,390569.36,390569.36,0.0,0.0
2018-01-31,13630.0,52672653.44,52672653.44,40129154.75,40129154.75
2018-01-31,13631.0,215700.44,12142079.748216,664133.05,37384979.17077
2018-01-31,13632.0,941211.98,65454139.997952,827315.22,57533485.955328
2018-01-31,13906.0,0.0,0.0,4077.0,244930.6674
2018-01-31,13907.0,181258.92,14290761.392964,0.0,0.0
2018-01-31,13985.0,2775178.18,2775178.18,393298.08,393298.08
2018-01-31,14043.0,7026.72,117721.450848,0.0,0.0
2018-01-31,14138.0,160293.2,11147173.83168,0.0,0.0
2018-01-31,17132.0,217629.53,217629.53,244913.39,244913.39
2018-01-31,17244.0,0.0,0.0,225804.82,225804.82
2018-01-31,17434.0,109527.9,109527.9,176634.22,176634.22
2018-01-31,17436.0,8665612.9,8665612.9,13978773.35,13978773.35
2018-01-31,17437.0,39270.51,39270.51,486053.84,486053.84
2018-01-31,17440.0,201969.18,201969.18,2407857.67,2407857.67
2018-01-31,17441.0,146352.04,146352.04,11990.87,11990.87
2018-01-31,22798.0,40156.56,596192.399352,0.0,0.0
2018-01-31,24753.0,38736.34,1762464.73366,0.0,0.0
2018-01-31,30277.0,490491.63,490491.63,518104.67,518104.67
2018-01-31,1235426.0,232260.13,232260.13,1029557.52,1029557.52
2018-01-31,1972647.0,0.0,0.0,225995.28,225995.28
2018-01-31,25686468.0,146964.61,146964.61,263741.76,263741.76
2018-01-31,34156728.0,431786.29,431786.29,132311.46,132311.46
2018-01-31,34156914.0,137930.28,137930.28,296743.07,296743.07
2018-01-31,34157147.0,87296.38,4914035.445132,0.0,0.0
2018-01-31,34157174.0,416657.7,416657.7,66038.5,66038.5
2018-01-31,36213979.0,0.0,0.0,210963.52,210963.52
2018-01-31,81940552.0,0.0,0.0,86068.09,44544.62604759
2018-01-31,184239035.0,33942.1,301254.805655,0.0,0.0
2018-01-31,312741916.0,0.0,0.0,87813.69,87813.69
2018-01-31,331483502.0,0.0,0.0,88114.57,88114.57
2018-01-31,406275750.0,36733.02,36733.02,18541.05,18541.05
